0.424270545,0.096252125,0.963554433,1.375946309,0.539490992,0.055016815,-0.699103704,-0.364164136,-0.077332037,0.675434209,0.445425154,0.144953831,-0.704544861,-0.372729989,0.022691989,0.088305622,-0.784900037,0.381668805
0.608755263,-0.132275736,1.212449614,1.331706053,0.304880192,0.279703536,-0.863389207,-0.518638329,-0.04152689,0.296066033,0.402186064,0.028275955,-1.161210781,-0.652673829,0.256488846,0.121319574,-0.902430054,0.020214406
-0.294973538,-0.262273227,-1.653355051,-0.184782615,-0.837879859,1.854737849,0.076385536,0.917683182,0.830980607,-0.103203889,1.071935103,-1.463975315,1.954940676,-0.860176122,0.390343373,1.051327086,-0.164260788,1.802048131
-0.166889862,0.919430801,0.279761262,0.153051043,0.303016093,-0.988986374,0.617462136,-0.232912701,-0.2487053,-0.738172338,-0.498941518,0.096381836,0.220785251,-1.083781972,0.138240713,0.754145574,-0.376206221,-0.344540451
-0.419585641,0.482095843,-0.399308743,-0.334382109,-0.230215571,-0.820341294,1.09751205,-0.537483845,-0.420845581,-0.849337168,-0.314624626,-0.975734138,0.428718142,-0.948410586,-0.433802162,0.347730609,-0.213616163,-0.007530345
-0.582656292,-0.037240182,-0.554163608,-0.178190849,-1.038343474,-0.866447534,0.669076451,-1.543096327,-0.368876685,-1.102637332,0.517812733,-0.956262267,-1.50564981,-2.566158434,-0.462867699,0.244477736,-1.266055341,-0.536662751
-0.332387037,1.018487227,0.05950775,-0.266872507,0.467241377,-0.986694358,1.162836296,-0.022954298,-1.362561296,-0.643001916,-0.863886681,-0.250094334,0.41833568,-0.322681165,0.052289551,0.519579047,-0.067440572,-0.218617074
-0.72969569,0.883808834,0.615064776,-0.604290949,1.340436162,1.296376512,-0.907372112,-1.404993174,0.566019429,-0.873636131,0.418507075,1.528304585,-0.26102797,1.283254809,0.291059826,-1.772648123,0.295652669,-0.702127274
-1.033950436,0.39172247,-0.028702659,-1.35559789,0.634294069,-0.026452614,-1.215727594,-1.448559302,-0.454203754,-1.020827741,-0.52736789,1.050876729,-0.465258809,0.792022927,-0.43334882,-2.0261695,0.161609209,-1.239640853
2.398746809,-2.52229378,-2.147849048,0.313880598,-3.514247126,3.035983097,-2.956660103,-0.278944525,-1.265899572,0.716272446,1.438645959,-1.967419413,-0.713849378,-2.097537637,-2.341037564,0.293768113,-2.814623474,-0.107334282
0.780528657,-1.439695961,-0.345829297,0.173562001,-0.292931078,0.066734061,-0.012561871,0.514059506,1.102283464,0.669771162,0.865171434,1.082284972,-0.323995151,-0.324315107,0.164979892,-0.270824521,-0.40760662,-0.143740883
3.265176228,-1.936859057,0.211582979,0.851393877,0.104709162,0.82144552,-1.877943049,1.019818109,0.427717735,2.047599744,1.279900165,0.127865627,-0.94478381,0.364331822,-0.316908254,0.567981588,-1.66236896,-0.251200755
-0.84398371,-0.726422931,-0.164717353,-0.264477309,-0.005015759,-0.8077486,-0.024138673,-0.216187223,-0.014632372,-0.132735129,0.372445323,0.611242501,-0.581207697,0.034731735,-0.772580052,-1.367514028,-0.016058199,-0.648861832
1.737647345,-1.400122535,0.593731624,0.412181822,0.100629971,0.389446297,-1.000191123,0.641392382,0.96278597,1.074052995,1.131082898,0.439016403,-0.9051243,-0.114304626,-0.018886297,0.135572114,-1.005413862,-0.196337644
0.421548414,-0.661492946,0.634125819,0.158524741,-0.128463664,-0.174365464,-0.410857536,-0.137377106,0.522316617,0.033461324,0.500058553,0.888295797,-0.910922409,-0.624969998,-0.374411586,-0.51208877,-0.516797098,-0.393416354
-0.218119207,0.347044551,0.568725467,0.913211735,0.769776082,-0.896745671,0.816001781,0.29070053,-0.218104401,0.116141274,-0.936572425,0.240518106,-0.344340927,0.908983429,0.243792209,0.074747312,0.089249282,-0.710916959
-0.652504713,0.088406879,-0.237768436,0.895673236,0.295829247,-1.048041838,0.638259015,0.443221479,-1.104884419,0.004840991,-0.705405275,0.144615562,-0.389039711,1.144152562,0.180341793,-0.837680279,0.672295483,-0.703258057
0.664170509,-0.17763803,1.330053949,1.203788937,0.301058213,-0.241097683,-0.457229589,-0.541024924,0.579421665,-0.013057877,0.381602816,0.640214083,-1.22818013,-0.731532217,0.354828786,0.329271061,-0.892627489,-0.104793452
-0.721763237,0.130259787,-0.212885666,0.937290306,0.436598633,-1.143241378,0.930034682,0.486376109,-0.749224552,0.036101529,-0.8782242,0.292986956,-0.234783097,1.02890396,0.103684063,-0.342875392,0.414266912,-1.006612364
1.063387551,0.256042087,1.163292835,1.293341787,0.839215015,0.110363879,-0.303844504,-0.277059315,0.366080421,0.111761104,0.113516848,0.851780824,-0.852639302,0.132406709,0.832957331,0.124050864,-0.458757688,-0.20739967
-0.38125328,0.499139301,0.391742927,1.039186315,0.97182931,-1.158262175,1.215844747,0.833135136,-0.685772836,0.327353313,-1.453973393,0.433472179,0.017965712,1.372251355,0.207362556,0.0133205,0.397171512,-0.837309971
0.245543472,0.453608954,0.755607669,1.624791785,1.212942519,-1.127361633,1.262003263,1.354375943,-0.597058416,0.516601701,-0.922049136,0.995982493,0.127798964,1.635124318,1.117540914,0.213537311,0.804635334,-0.369405779
0.528151747,0.512539742,1.372365087,1.292683671,1.372957264,-0.671691688,0.989389971,0.773790526,-0.110134963,0.454627458,-0.676909603,0.798376098,-0.168890743,0.661395063,0.704838051,0.43179419,0.361851482,-0.576983413
2.190535837,-1.154110025,1.277600464,1.306606176,0.63076111,-0.193675667,-1.397826055,1.506472227,0.286890494,2.240365141,0.54555193,0.228723806,-0.702954694,0.447608776,-0.371067118,1.032774554,-0.914664391,-0.515529131
1.240948435,-0.13659216,1.634440276,1.472018686,1.063029778,0.459457256,-0.622776186,-0.23352501,0.462823461,0.542277489,0.250068606,1.344015827,-1.147080046,0.136221097,0.500031427,0.126900531,-0.620454515,-0.037107506
1.929920114,-1.161845478,0.347940227,1.314097965,0.34006445,-0.258382212,-1.257065331,0.629879214,0.304363039,1.914535178,0.797168969,-0.283292019,-1.260176892,0.301862573,-0.254942444,0.610289944,-1.113935781,-0.439723738
0.833248984,-0.630072138,1.30187311,1.413454295,0.926703189,-0.499474294,-1.042871568,-0.061605492,0.438391632,0.735209049,0.347363983,0.524042482,-1.288280389,-0.090682071,0.140071985,0.252782155,-0.858319361,-0.13784386
1.577133355,-0.665267296,0.694339107,1.590195947,0.178091002,-0.589158499,-1.239916458,0.23038259,0.067123262,1.259506759,0.460186043,0.305469069,-1.315348046,-0.228450277,-0.129350405,0.518018555,-1.130278924,-0.323631997
1.564911418,-0.439634523,1.328876652,1.478339385,0.891957673,-0.417575144,-1.152966903,0.293387887,0.389034089,1.043468711,0.228615323,1.093116334,-1.371351164,-0.013392792,0.379153213,0.522502033,-0.771213864,-0.068242846
-1.094863272,-2.346111766,-2.01042971,-1.364453961,-4.232896177,-0.051664548,-4.002127529,-2.688372363,-0.399613028,-1.695638579,0.35206648,-1.987652388,-1.509184393,-3.236372405,-2.393730002,-1.260219782,-3.453251506,-1.312507969
-0.570587096,-0.760038757,-0.437095772,-0.276465893,-0.703683631,0.849209984,-0.95680299,-1.087297984,0.798225573,-1.10951885,0.825484694,-1.515746768,-0.943753035,-1.117239999,-0.376572284,-0.45535317,-1.241945438,0.043210515
-1.289885823,0.135429546,-0.636641252,-0.408349601,0.217500881,-1.088447686,0.241105937,-0.35565655,-1.2867672,-0.374189023,-0.848606334,0.03381003,-0.64562765,1.041074999,-0.814596034,-1.798302819,1.006909156,-0.861805696
0.587396499,-0.117478371,0.824345629,0.4917887,0.298579603,0.42678746,-0.856287724,-0.870719399,-0.154463362,-0.228470341,0.122058211,0.488805037,-1.480134963,-0.366334625,-0.474757271,-0.680009249,-0.500213803,-0.555148251
-2.104899909,-0.363031944,-1.479884294,-1.809934689,0.196653571,-1.391342635,-0.644105228,-0.999110099,-1.462299322,-1.047972705,-1.008625734,0.53035683,-0.610998866,1.077945292,-0.930654698,-2.176292248,0.512100498,-1.232514045
0.095261393,-0.160193068,0.451305191,0.541553023,0.730942051,-0.496754665,0.048577732,-0.066788173,-1.119720167,0.044095423,-0.525786803,0.254939626,-0.789376438,0.690746359,0.227993915,-0.696299899,0.319254711,-0.396234614
-1.932766059,0.229769987,-0.538610258,-2.381302845,-0.226867157,-0.414620804,-1.635323233,-0.940969258,-1.042041577,-1.247431155,-0.670552643,1.141803341,-0.485813525,0.576642471,-0.876608264,-2.198174753,-0.211166023,-1.275669289
-0.810919169,-0.199470664,0.565038828,-0.669055418,-0.073551708,-0.802845067,-0.075012878,-0.14809142,-0.728904438,-0.32417524,-0.258289593,0.53439463,-0.748348998,0.185172538,-0.990585293,-1.690928142,0.081877185,-0.883602462
-0.764686176,0.948000858,0.127758975,-0.554902077,-0.305256399,-0.304971828,-0.451944843,-1.244506719,-1.466699386,-0.861011559,-0.256147118,0.070276517,-1.614091072,-0.356109759,-1.585228023,-1.893515452,-0.371943211,-0.912702803
-1.414053528,0.433703622,0.650300539,-1.694204984,-0.207452061,-0.192623567,-0.999984295,-0.681735329,-0.893933777,-0.787524762,-0.252991932,0.833045252,-0.925044912,0.286272108,-1.289428318,-2.143283448,-0.198645673,-1.116975891
-0.901437043,0.283949687,-0.171323718,-0.408162704,0.688797174,-1.13924812,0.49118052,-0.321686558,-1.407181536,-0.239074915,-0.680323353,0.640873707,-1.089346517,0.7899626,-0.529212655,-1.534798081,0.630418399,-0.707040164
0.055722245,0.05703929,-0.204416554,0.501166691,-0.738308219,-0.875119385,-1.042388596,0.18922839,0.626149147,-0.349463342,-0.511144132,-0.315017108,-0.5403224,-1.197440384,-0.700731888,1.010538552,-1.109415056,-0.201009072
0.737493795,-0.600355981,-0.285828699,0.372118251,-0.746189372,1.873678123,-0.887025784,1.166585766,1.805879139,1.602994714,2.251672928,0.180376196,1.886039574,0.105663436,0.247268434,1.324581316,-1.650565587,1.96949105
-0.075008069,0.249278175,0.274887782,0.185026346,-0.405092655,-0.113884313,-1.00587611,-0.312825633,0.398574046,-0.360714974,0.528717866,-0.033136718,-0.626777701,-1.615165953,-0.717223347,0.615190991,-1.446837409,0.001475336
0.119970371,-0.243322485,0.037190221,0.017569898,-0.048623562,1.052332323,-0.106631915,0.005603671,0.814956791,0.900938437,1.667220476,0.129358519,0.066570425,-0.859298295,0.17951285,1.068052775,-1.37576204,0.223839448
-0.979873213,-1.091897275,-0.568795298,-0.152912691,-0.269836319,-0.275091628,-0.683474182,-0.690333993,1.008252301,-0.29389646,0.406548467,1.358268212,-1.070090717,-0.408407043,-0.628404596,-1.381393009,-0.547281858,-0.484517326
-1.502772742,1.415083335,1.127471491,-2.300542772,-1.710618903,1.125203216,-3.956285963,-1.628206206,-0.131622191,-1.64774401,-0.032963439,1.722521528,-1.141971759,-0.898639787,-1.164223289,-2.199674653,-1.713125978,-1.539902913
-0.371697074,-1.776403357,-0.862785684,-0.881710798,-2.745538013,0.537158304,-1.994571926,-1.565058255,0.520571058,-1.167023066,0.120604077,0.567010493,-1.323278935,-2.456763465,-1.429992068,-1.27871723,-2.079704716,-0.654104439
-1.429638408,2.595470878,1.641069819,-1.612295362,-0.911255118,2.124596128,-2.463731485,-1.897359983,1.206639313,-1.182599882,0.48876208,2.919431007,-1.247210528,-0.012619175,-0.445517427,-2.19780362,-0.960737417,-0.893247785
-1.178527759,0.490764262,-0.731733774,-1.451968175,-1.136595602,0.916231248,-2.234324093,-1.910690327,0.547192443,-1.145490178,0.23643457,1.24179668,-1.180154753,-0.860863427,-1.003607152,-1.888652759,-1.30785292,-0.913421877
-1.37577669,-0.467645771,0.429461445,-1.130012151,-1.531536765,-0.107566877,-1.743587298,-1.311532628,0.589042938,-0.970370692,0.543176514,1.258149714,-1.133950012,-1.356132435,-1.101858188,-2.064976655,-1.292163048,-1.031671403
0.816237642,-0.718821437,-0.711590872,0.323103504,-1.753792079,1.912617346,-1.010557141,1.06687374,1.897382511,1.089003148,2.70793562,0.51004718,2.728710777,0.067101528,0.243666128,1.263575701,-1.668763629,1.455363032
0.870368193,0.749912025,0.98253708,0.547700081,0.8810961,0.589372516,0.195988271,1.468262159,1.724898007,0.099879819,0.014584477,0.94988888,1.686608677,0.970969814,1.555708813,1.13125946,-0.331092741,0.183305629
0.97150488,0.247094984,0.843998388,0.693708434,0.385644392,0.678407113,-0.082429634,1.699059923,2.40972257,0.35464253,0.397117851,1.911895591,1.792755072,0.968369349,1.642367515,1.40482071,-0.822095472,0.531715867
1.541365556,-0.578949963,1.308949167,1.941024253,1.498744205,-0.206928946,-1.122914172,0.71281309,0.355127156,1.579108553,0.089724837,0.535161372,-0.940670207,0.102965523,0.459923111,0.75734713,-0.726400127,-0.288501159
1.007406108,0.201037287,1.185198616,1.725691672,1.661184637,-0.042696208,0.083342797,0.633896533,-0.124112649,1.068609731,-0.303062017,1.227731469,-0.469192596,1.19745853,1.213705196,0.377930597,0.484504281,0.027816877
2.154683327,-0.847882816,1.243449969,1.681212162,1.250940749,0.443411651,-1.339248889,1.186147837,0.995262633,1.829467759,0.424936829,0.044296358,-1.009761256,0.215568713,-0.089118642,0.991581244,-0.755699227,0.062018285
1.161379873,0.23340897,1.437612738,2.119069545,1.254252693,-0.228951583,-0.745339362,0.244037743,-0.130137045,1.156428004,-0.219957405,1.216076987,-0.844054048,0.005520048,0.9045984,0.537356011,-0.517125421,-0.083218131
1.001529518,-0.097559853,0.830660907,1.71516844,0.650108476,-0.182547428,-0.72045846,0.132020278,0.620628613,1.237002793,0.461565054,0.41158507,-0.848040704,0.124368652,0.388030863,0.528966054,-0.827376794,-0.272339124
2.71895139,-2.837359877,-1.856489687,-0.653923716,-2.69820064,1.426611831,-1.506398685,-0.521828263,-0.981143095,0.144303779,1.730941485,-1.671037446,-1.146896115,-2.372646472,-2.089030144,-0.87690097,-2.130495581,-0.382771516
0.214075691,-2.68304137,-2.526132449,-0.689358271,-3.549805753,0.906219864,-0.943959503,-1.498352767,-0.924464584,0.034645039,0.333621629,-2.410843377,-0.976603922,-3.229568953,-2.804456954,-0.950794435,-1.019421343,-0.399139541
-0.913455106,-1.065711413,-1.911668614,-1.883436596,-1.314068385,-0.392421763,-1.748529939,-0.521782175,-1.31388671,-1.173726,-0.998828818,-1.499915795,0.198557107,-0.467105657,-0.973166301,-0.73654857,1.341780824,0.332428097
-0.654902488,-0.289677216,-1.230553506,-0.652560428,-0.500159251,0.662376891,0.012831071,0.526666711,-0.173095788,-0.688814898,0.647909697,-0.553367961,1.483278183,0.231737501,0.348649026,0.361297892,1.577019993,1.625198611
-1.029941855,-0.701097565,-2.172623768,-1.521600583,-1.098565015,-0.375220846,-0.916127103,-0.339260271,-1.03859087,-1.11492599,-0.519643566,-1.625536931,0.621474328,-0.535473883,-0.699841323,-0.272132409,1.880894362,0.692262991
-0.037799103,1.459901484,0.348035666,0.085371776,0.210054081,-0.305366815,0.501307287,0.130526814,-0.227016776,-0.633258649,-0.043897107,0.239557423,-0.436599719,-0.679570631,0.775755415,0.631252808,0.045480282,0.037667147
1.262194838,1.042754561,1.050412688,0.9741415,1.583969575,0.362081038,0.302949875,1.188846168,1.039293206,0.929270835,1.251720128,1.217384959,1.66682071,0.728906146,2.060730087,1.202136287,-0.0728866,1.125767569
-0.035326055,0.527688451,0.2256342,0.24855345,-0.317100477,-0.248234246,0.130501916,-0.79829683,-0.117708361,-0.697955608,0.758802423,-0.603455963,-0.813799727,-1.356685303,0.401480862,0.541849035,-0.838132347,0.245981924
-0.283580485,0.554066,0.545456966,0.391723884,0.697557179,-0.471397588,0.365710566,1.080322596,0.440595156,-0.041047575,-0.565486937,0.168546942,0.290013693,-0.020062998,0.442935388,0.775481902,-0.160399137,-0.285961808
-0.114997761,1.399109203,0.51991431,0.374653291,0.815893756,-0.17631224,0.625297021,0.763207892,-0.091708323,-0.278141998,-0.106635687,0.182234419,-0.117053779,-0.172260647,0.869139024,0.689238253,0.426491381,0.061293848
-0.316955337,0.426571872,0.220635287,0.22054739,0.287466851,-0.227162356,0.622145403,-0.227420573,-0.113620342,-0.176947296,0.909441288,-0.200920221,-0.598726123,-1.094519533,0.780568383,0.607712928,-0.665162743,0.104247237
-1.81848967,2.93053702,1.62558498,-2.048970721,1.367124755,0.888168559,-0.999099963,-1.891443189,0.385945563,-1.283370388,0.18569245,3.000503853,-0.349863931,1.362613961,-0.863925186,-2.199674653,-0.097627482,-0.712234128
-2.089335109,1.99928791,0.035907942,-1.549968839,0.784828177,0.69005278,-0.996266973,-2.132122394,0.415811122,-1.195176632,0.668495858,2.400856153,-0.762750406,1.02157429,-0.664660144,-2.16981124,-0.146234027,-0.514702595
-1.502010352,-0.674158213,-2.253666091,-2.376165496,-1.519548451,-0.558810182,-0.833153125,-0.999162771,-2.667099826,-1.193543632,-2.254155995,-1.550698939,-0.674022082,-0.98892702,-1.657129711,-1.248828843,2.390580864,-0.099618825
0.617134089,0.247980597,0.323129718,0.773675189,0.512824884,1.028995337,-0.149103295,0.808147874,-0.013633627,0.336423055,0.508228959,0.858119979,0.474707927,0.673854071,1.908006498,0.425677858,1.298303207,1.227732429
-1.218412111,-0.535075093,-1.80415175,-1.908296886,-1.211388542,-0.60261411,-0.563496921,-1.069050512,-1.98782124,-1.020463763,-1.472816573,-1.547074391,-0.535035563,-0.846486487,-1.492805778,-1.074919384,1.679153506,0.057419052
-0.322965137,0.545419307,-0.481704242,-0.220297032,0.187168272,-0.434757949,0.987430132,1.508728333,-1.79704766,0.048505449,-0.678483702,-0.583207766,0.434501372,0.849141692,0.72348424,-0.065761843,2.374882301,0.418764759
-1.364587512,-0.565183146,-1.5646228,-1.901965914,-0.986906893,-0.634853811,-0.327098728,-0.650572303,-1.993363724,-0.6876925,-1.072968695,-1.526194195,-0.653642116,-0.524242719,-1.375446647,-1.174048401,1.606515336,0.361269818
-0.767131354,0.350905565,-0.842944435,-1.093230214,-0.554352769,-0.352544322,0.269473854,-0.079340511,-1.531565409,-0.414891006,-0.220971863,-1.115118861,-0.575512475,-0.512247484,-0.452514531,-0.743106816,1.586579838,0.698978878
-0.675792275,-0.238730082,-0.58434967,-1.084728718,-0.340634799,-0.450887662,-0.059480622,-0.029970615,-1.228485309,-0.163268197,-0.673522059,-0.480407924,-0.660520386,0.12172523,-0.75449517,-0.45820723,0.788513731,-0.277771268
-0.744158711,0.090246441,-0.73843694,-1.270125625,-0.539005347,-0.186755578,0.088058485,-0.10118722,-1.561712083,-0.298626425,-0.502255686,-0.658333285,-0.519863923,-0.194844289,-0.629295671,-0.750394615,1.456880785,0.568273696
0.111513858,-0.116899109,0.065679189,0.85117318,-0.207657995,1.351813143,0.100764459,0.074885686,1.348547363,-0.559037994,0.876106267,-0.020706473,0.498566442,-0.303988279,1.305732938,0.543071194,0.071743676,1.244241796
-0.71614758,-0.9956744,-1.995950039,-0.932501729,-2.263012702,1.495588429,-0.669129233,-0.804697546,0.008262927,-0.94944115,0.919492692,-2.371584482,0.00886792,-1.718819453,-0.657552448,-0.007910433,-0.658091691,1.264248691
-1.487866201,-0.435319332,-2.126517601,-2.079798131,-1.421123295,-0.612686155,-0.079844838,-1.409871896,-1.716315465,-1.194619147,-0.299244697,-2.067110565,-0.860260895,-1.960020409,-1.720083767,-1.020191439,1.146671568,1.010475264
1.227179773,0.584257908,1.006802228,1.107450133,1.058948393,0.70877075,-0.232069447,1.010327317,0.497728141,0.495545807,0.790963421,0.977355166,0.774191744,0.533529947,1.791009326,0.931874352,0.30879449,1.403895178
-1.600305305,-0.740082364,-2.720331007,-2.581035155,-1.780399505,-1.008940663,-0.634677206,-1.230389591,-2.510734548,-1.383837587,-1.819463057,-2.703760345,-0.536103694,-1.841584268,-2.02861271,-1.132361243,2.598018688,0.753870507
-0.199787398,0.895533603,-0.116057193,0.239115149,0.274418155,-0.761271811,0.796204387,0.316162936,-1.083032514,-0.471847597,-0.225492666,-0.443697883,0.113924024,-0.341246773,0.691285306,0.593384587,0.660138504,0.402978674
-1.125656006,-0.27997234,-2.158743653,-1.605176042,-1.323488421,-1.174644927,-0.124222394,-1.105153709,-1.860766523,-1.241201916,-1.683905956,-1.717790683,-0.464269189,-1.99730237,-1.329857118,-0.244728437,1.175456631,0.222517092
-1.237997452,-0.384080133,-2.041990422,-1.376726205,-1.227025258,-1.102656521,0.061802454,-1.03508491,-1.555015954,-1.163752811,-0.743223828,-1.948712593,-0.397232726,-1.985763747,-1.408416197,-0.437167993,0.789950142,0.647841931
-0.466485779,0.893662495,-0.511198037,-0.407195744,-0.216620918,-0.571225727,0.625178514,-0.086947191,-1.332427841,-0.609456683,-0.295202588,-0.725245642,-0.219130893,-0.930433245,0.087888521,0.045825426,1.068591257,0.733664878
-0.690609498,0.540723244,-0.731317936,-0.680710968,-0.438860328,-0.884324296,0.729753206,-0.499176115,-1.057759584,-0.878357586,-0.479039039,-1.241305469,0.049355596,-1.270174274,-0.345494828,0.115145198,0.63075186,0.413274272
-1.015213512,0.246538237,-1.086123553,-1.089956864,-0.910671867,-0.737908588,0.504510333,-0.939112579,-1.413434416,-0.887344335,-0.108058374,-1.329764411,-0.39642862,-1.41855674,-0.743796882,-0.415471566,0.829853861,0.941512247
-0.940232017,0.044595366,-0.182960695,0.050060825,0.348229413,0.131008279,-0.968683886,-1.006533525,1.452935639,-0.761690721,0.494308987,1.056886635,-0.000331177,0.692703271,-0.017396662,-0.937643576,-0.280431537,-0.487500604
-0.264588334,-0.870669981,-0.790312003,-0.480638002,-0.477572609,-0.693964541,-0.475411485,0.094875715,-0.656633636,-0.596879341,-0.965795455,-0.719041231,0.095153536,0.337153813,-0.174575263,0.051597507,0.432606683,-0.32121885
-0.676752834,0.237738689,0.141348344,0.249236088,1.162299784,0.249916005,-0.07106525,-0.42412325,1.041327113,-0.492937403,0.658103777,0.959169844,0.430768295,1.127233227,0.47285366,-0.870044678,0.398493291,-0.522663359
-0.009355644,-0.169200678,0.346685898,0.729187725,1.037939298,0.253232457,0.559975011,0.900683373,1.203008512,-0.135168027,0.433563799,0.280096665,0.938661135,1.275001572,1.546796604,0.389546168,0.528123013,0.453868626
-0.351297771,0.190982319,0.113224087,0.279476297,1.062633815,-0.227979374,-0.054920334,-0.179688987,0.247475998,-0.397151792,-0.383580402,0.654304099,0.383280467,0.987603568,0.76819508,-0.620080303,0.270202733,-0.478905266
-0.240753887,-0.273791302,0.103095713,0.359050038,0.884389397,-0.653518066,0.002674118,0.312517611,0.627197779,-0.235966138,-0.659811734,0.254422075,0.3462954,1.158054593,0.951914521,0.108411198,0.369236617,-0.311233654
-0.170711906,0.022855915,0.555210062,0.922479045,1.199460568,0.471789312,0.183513721,0.226875528,1.441840693,-0.429057012,0.620312013,0.558309096,0.796961234,1.083759548,1.379256534,0.055918883,0.006147415,0.114491189
0.462991342,-0.158519808,-0.065923536,-0.125476601,-0.01954822,1.966043562,-0.422351607,1.297988633,1.467028315,0.629724943,1.675251117,0.700215047,3.046709288,-0.36522014,0.934029916,1.683387447,-0.673589376,1.021822799
-0.2607461,1.068474784,0.743362955,0.459086355,0.008227353,-0.337165258,0.02565108,-0.080336885,0.076192033,-0.687836158,0.33045072,-0.155771505,-0.733883642,-1.538697224,0.475483669,0.784740029,-0.267025382,0.065386119
0.577475337,2.325605806,1.831540495,0.64578392,1.492294718,0.405902147,1.221141791,2.110626061,0.576226879,0.158748304,-0.705575904,0.884695491,0.723976288,0.756796121,1.18803893,1.217758768,0.911767599,0.202407321
0.390734173,1.074414019,0.947235192,0.446456886,0.515018039,-0.483109376,0.535223797,0.155093799,0.499728624,-0.514384199,-0.265581229,0.507687193,0.226897721,-0.81685478,0.718965835,1.132269875,-0.173726708,0.046255985
0.69091911,0.871757232,0.309790193,0.766122427,0.374377258,0.201303569,0.061705189,1.466177235,1.178098263,-0.041716315,-1.199338021,-0.127964695,0.222484636,0.180479131,-0.032972898,1.14070031,-0.219949989,-0.070195597
-0.184861105,1.098790046,0.660337223,0.114845839,0.124790047,-0.52282257,0.730105374,-0.317206167,-0.314209382,-0.691488118,-0.091235376,0.220703456,-0.567412534,-1.077919986,0.500697223,0.695752488,-0.388900563,-0.168013139
0.398275117,1.445079508,1.017197487,0.755550814,0.881754211,0.233841123,0.577239037,1.698061354,1.137287919,0.043952156,-0.74883363,0.159587333,0.265857596,0.141896937,0.476278249,1.176832763,0.548680646,0.195130752
0.270806356,0.70760746,0.568022633,0.438567444,0.340223767,-0.422223313,0.064897055,0.390943663,0.176611521,-0.490140694,-0.135873276,0.462032201,-0.369551226,-1.048734153,0.257771086,0.983037204,-0.345420159,-0.351703564
0.323808026,0.929750233,0.666872009,0.421317906,0.609701011,0.07348953,0.018416557,1.081174122,0.445458174,-0.264839354,-0.60682814,0.159413688,-0.292306418,-0.696377404,0.08831691,0.887201105,0.02465044,0.058267124
0.70856073,1.836968011,1.579059566,0.798075196,1.237132484,0.300481542,1.092511274,1.600920369,0.334500484,-0.054725996,-0.469670735,0.88898361,0.70312019,0.688567505,1.308021222,1.414623186,0.745429907,0.178551887
0.359708377,0.951412438,0.865144072,0.45872913,0.694863312,-0.058133454,0.286645086,0.967070636,0.08954064,-0.249240859,-0.462705799,0.36867231,0.191387903,-0.483193702,0.340674217,1.020812632,0.111974671,-0.16239362
0.689058124,0.647941683,0.766538745,0.286091922,0.462903877,0.133488485,0.364562388,1.531718458,0.217779308,-0.124315223,-1.168822168,-0.259879318,1.379487121,0.871315257,0.751948904,0.936272864,-0.587113946,-0.28989519
-0.583003032,-0.056172709,-1.490369878,-1.086895265,-0.983734798,-0.907174929,0.126727577,-0.528977357,-1.174458061,-1.018311235,-1.643676464,-0.9515733,0.626655428,-1.152355037,-0.521554698,0.370594397,1.17104095,0.467244292
0.640668539,0.801973434,0.704153557,0.542007011,1.114421663,0.204806102,0.703128238,1.45906545,0.649027484,0.192329709,-0.306204973,0.475265271,2.243926797,0.808868281,1.494297012,1.356159265,-0.199902365,-0.081909803
-0.426238666,0.043714576,-0.945073134,-0.762103641,-0.85921472,-1.128219217,0.30035837,-0.728334471,-1.122107027,-0.976758398,-1.200052567,-1.3016712,-0.123317573,-1.555941916,-0.762354091,0.428904808,-0.188693006,-0.187261517
0.359601721,0.434882361,0.087483737,0.136069259,0.534556805,-0.64170077,0.246533786,0.960340722,-0.828930065,-0.258253316,-1.526996319,-0.563802985,1.153711946,0.171352443,0.07548466,0.785094018,-0.591257112,-0.700641736
-0.476623983,0.020470287,-1.134722701,-0.40259125,-0.53920141,0.513895502,0.678798506,0.563884794,0.189070636,-0.543778698,0.37420228,-0.88114013,2.181226807,0.071834312,0.333070601,0.880736321,1.563897704,2.017735394
0.06628356,0.764731413,0.252599566,0.376184919,0.684836443,-0.274130088,0.802041421,0.880962189,0.052321686,0.102363478,-0.165581989,0.186135784,2.579359841,0.430932066,1.102942578,1.329270237,-0.38170486,0.011993257
-0.395823396,0.312860911,-0.659866806,-0.400064826,-0.189417079,-1.203030279,0.424717041,-0.095286886,-1.15746244,-0.659240378,-1.77714816,-0.642397449,1.485101667,-0.40320452,-0.318055295,0.614426497,0.076837069,-0.257127024
-0.134403367,0.220490266,-0.250531583,0.070079355,0.171979894,-1.097349037,0.156764655,0.256937934,-0.941290838,-0.548814012,-1.132787943,-0.56564373,0.553014534,-0.80225192,-0.471687763,0.721651149,-0.724692558,-0.580926814
-0.247751677,0.76339467,-0.384798736,0.073142611,0.154718466,0.070926208,1.147935705,0.661306696,0.26861651,-0.110880348,0.152776723,-0.124560585,2.432609269,0.18788835,1.071491729,1.276377727,0.499699635,1.079323351
-0.368664193,0.158550368,-0.499483687,0.003618895,-0.122252468,-1.189438798,0.26022471,-0.291378351,-0.905443287,-0.727479494,-0.832867676,-1.193390279,0.664699762,-1.346777839,-0.625682575,0.576928877,-0.877152294,-0.692192509
-0.317126513,0.318893611,-0.444346685,-0.182836102,-0.035239779,-1.228651435,0.466020121,-0.321289326,-0.870139508,-0.658471477,-1.298131791,-0.625824541,0.439971824,-0.816996378,-0.495139396,0.616254676,-0.517055477,-0.580889254
-0.186427142,0.793632805,0.044332744,0.164250286,0.399455673,-0.598197797,0.654987522,0.416934981,0.072781484,-0.16098425,-0.430199465,0.136644826,2.026244598,0.26669185,0.597658167,1.141159312,-0.222596105,0.009111057
-0.339469537,-0.668262547,-0.879318979,-0.612564458,-0.452730839,-0.958840265,-0.712244577,-0.266759792,-1.317481592,-0.680891079,-1.868921671,-1.17820991,-0.322461018,-0.501317413,-0.575795491,-0.018205897,0.471405306,-0.413271379
-1.129880313,-0.39853537,-1.096503815,-0.754643002,-0.499064867,-0.671798746,-1.035855053,-1.211597844,-1.276577709,-0.775952789,-0.951192966,-0.370334179,-1.32043164,0.124396892,-1.114283019,-1.908968862,0.094863574,-1.153639122
-0.681842235,-0.565376598,-1.079219285,-0.535308704,-0.442819414,-1.130737042,-0.452100244,-0.464600399,-1.21329112,-0.437946568,-1.343644967,-1.310987682,-0.342633943,-0.130414149,-0.968266932,-0.327687664,0.226649139,-0.80414636
-0.109209831,-0.170384284,0.042081767,-0.095451125,-0.313104098,-0.882004243,-0.191841876,-0.64691381,-0.184154316,-0.254992458,-0.177671044,-0.082820489,-0.653089372,0.071717772,-0.661576602,-0.013138739,-0.310912233,-0.620098002
-0.478636613,-0.110583001,-0.098823791,-0.066347542,-0.346564653,-0.994884322,-0.161744426,-0.905470688,-0.377237555,-0.591838863,-0.461089188,-0.680026453,-1.053054438,-0.368511093,-0.801378322,-0.460604579,-0.289462404,-1.02733206
-1.023659272,-0.330221899,-0.785952866,-0.351350307,-0.156813714,-0.869333954,-0.297638533,-0.391235225,-1.400081569,-0.471046378,-1.191440156,0.025425478,-0.681624997,0.617564209,-0.552768181,-1.213138303,0.659543877,-0.959098343
-0.531977562,-0.231505374,-0.288784896,-0.274703958,0.180314321,-1.244741544,-0.275620808,-0.073277772,-1.192837807,-0.390029086,-1.803268416,-0.544063882,-0.372358631,0.444998764,-0.423196455,-0.120300764,0.33996757,-0.835569338
-0.710412979,-0.269572619,-0.335433356,-0.148542481,-0.400225376,-0.758440657,-0.335361803,-1.004871073,-0.947447934,-0.800959338,-0.083543664,-0.968941704,-1.19929437,-0.555167499,-1.219646756,-1.007863594,-0.300351084,-1.094031932
-0.50947258,0.000668974,-0.02414242,-0.276330691,0.382409228,-0.966649385,0.121372397,-0.515058845,-0.715195645,-0.50395246,-0.696461506,-0.898908818,-0.777729884,-0.010879433,-0.822392004,-0.590527862,0.159860811,-0.979561589
-0.58692449,-0.025130999,-0.55755098,-0.226185615,0.04198872,-1.175516807,0.05622703,-0.227148435,-1.001800198,-0.398886069,-1.611101995,-0.114853402,-0.319979054,0.510030295,-0.150983631,-0.341227454,0.162299345,-0.755152793
-0.030496928,-0.480714863,-0.173506525,-0.012633859,-0.797961316,0.744147894,-0.568877814,-1.63811508,-0.273806867,-0.681672478,0.700369756,-0.909216992,-0.57745151,-1.962263699,-0.148379083,-0.738053501,-0.547951517,0.500633593
1.818082319,-1.945603553,-0.749905197,0.404961763,-0.534500578,1.724217951,-2.460549681,1.089552224,0.060698021,1.643819472,0.473842209,-1.2769494,-0.096473736,-0.787458937,-1.516882137,0.695572821,-1.843763958,0.00837043
-0.02659588,-0.116212529,0.123445171,1.440246849,1.127125947,-0.650893833,0.516070366,1.59268492,-1.281108977,0.761592249,-0.618781507,0.144298718,0.636460454,1.164517176,1.188139548,0.083915319,1.044452773,0.014954928
1.820540225,-1.312597766,0.755353395,1.211462983,0.352014099,0.753376499,-2.029533758,1.335462393,-0.133661337,1.675713592,0.000502612,-0.065144825,0.133387183,-0.00326776,-0.262448134,0.697268302,-1.132421115,0.351899655
0.029282857,-0.567259816,0.130516456,1.397890807,0.69952877,0.042625461,-0.627220202,0.347404969,-0.668665966,0.809220284,0.101547174,-0.061972992,-0.509231365,0.241489049,0.014812215,-0.141417902,0.107191067,0.47483673
0.791705106,-0.434952493,0.628486106,1.141639039,0.772056985,0.895979478,-1.015446118,0.550866091,-0.125843241,0.826580578,0.263658966,0.564729434,0.401535567,0.494299427,0.580340128,0.095746453,0.363038078,1.253622679
1.553370233,-0.940731602,0.407169821,0.876711138,0.578028873,1.481919694,-1.273633965,1.088310048,0.483200946,1.482125719,0.890252773,0.040875334,0.420139536,0.418436466,0.01365434,0.519253889,-0.428564591,0.937194085
0.117677716,0.104803079,0.474652088,0.637661189,0.445495745,-0.821704334,0.041865311,-0.062396665,0.119302932,-0.000342464,-0.601732556,0.236500602,-0.157178025,0.26432685,0.322729145,0.270808667,-0.090166319,-0.802227473
-0.110055834,-0.192375168,0.324311106,0.52973543,-0.26369916,0.721482783,-0.449946992,-0.703804795,0.611717237,-0.24633323,0.916902388,0.557155599,-0.524604981,-0.455996203,0.983946219,0.12288713,0.115501019,1.434008574
0.32624662,0.75617984,1.059262531,1.41369355,1.443258322,-0.875104685,1.150725094,1.753390841,-0.536042699,0.915674936,-1.18420035,0.263259907,0.430093353,1.49872436,0.863407629,0.688791852,0.71658349,-0.289430584
0.645935919,0.773875214,0.564774328,1.448317223,0.846499207,-0.160511889,0.468194614,1.877420759,-0.459721294,0.705631832,-0.388258439,0.335582871,0.351936803,1.153280045,1.598483333,0.855035657,1.234981305,0.369915748
0.628705998,0.848242597,1.31459297,1.862003913,1.61436772,-0.711490541,1.232725301,2.043309361,-0.589075692,1.081529837,-0.685259373,1.070150148,0.431309642,1.707296193,1.498117798,0.793041584,0.973783264,0.038628664
0.330723521,0.107600321,0.443202493,1.025519633,0.273943219,-0.586368344,0.328642438,1.081821546,-0.530993102,0.319314902,-0.602469814,-0.045760904,-0.310768561,0.123365934,0.650836177,0.615963886,0.535649468,-0.196014651
-0.182079502,-0.379686411,0.116741323,0.771470864,-0.1635684,-0.86053073,-0.412313161,-0.060481827,-0.459687371,-0.144992722,-0.039403675,-0.629494192,-1.129002229,-0.848529312,-0.036617355,0.271100603,-0.408034772,-0.178221438
0.536033725,0.326622523,-0.148131226,0.402448594,-1.237203492,0.022624403,-0.079033176,0.847207274,-0.25640616,-0.438716236,-1.879992192,-1.507627756,0.456544001,0.638214405,-0.107722414,0.468533236,-2.045960781,-0.402934003
1.908419142,-2.460242814,-0.879446798,0.607022001,-1.739379175,1.073458424,-2.89805275,1.276516113,-0.197337546,1.855241995,0.524355464,-0.993640953,-0.780303339,-0.372243545,-1.410121384,0.860627498,-2.918167116,-0.56090319
0.394871356,-0.018111143,0.351367138,-0.321386468,-0.050196173,2.542814224,-0.073461106,-0.907851891,0.881816312,-0.023300691,1.193575144,0.699778681,0.692573108,-0.289525426,0.415553384,-0.755660916,0.467447023,2.646983341
-0.469323344,-1.586209276,-0.43353218,-0.317952069,-0.878923498,1.923134124,0.583645128,-1.60885153,0.643667588,0.545877624,1.942163062,-0.741706922,-0.835687233,-1.697359843,-0.313417968,-0.025268491,-0.717947088,3.145977731
2.149120121,-0.65049088,-1.358359837,-0.108405344,0.225226555,3.639847836,-1.010302239,1.66775205,1.161963697,2.855234313,2.502453709,-0.362136802,1.438678804,-0.290409218,-0.507495244,1.159680149,-0.54968703,1.80005849
1.254537583,-0.661298346,0.331283544,1.154682067,2.251583658,3.238593591,0.169404668,0.948408374,2.109832267,4.483175448,3.073246501,0.174365162,1.979142361,0.898863966,1.172682392,1.25151182,-0.437570175,5.51224334
1.455844473,-0.296014362,0.196528634,0.765785085,1.89542991,3.019087476,0.341735237,1.169537579,1.987173749,4.640603509,3.337921048,-0.106952574,2.550923621,0.489226569,0.876550871,1.408628668,-0.72045817,3.869688708
0.316081862,-0.362175878,0.935915546,1.296235378,-0.13242796,-0.369342312,0.168468909,-1.044648126,1.470079924,0.580665243,0.973709709,0.025269874,-1.560532878,-1.155933959,0.518082986,0.191650715,-0.347495653,0.121812383
0.367411718,-0.069165931,1.115169514,1.404606509,0.370425028,-0.185898367,0.297863013,-0.537139284,1.261065411,0.399430395,0.663002526,0.476458231,-1.228146572,-0.190034739,0.871279471,0.183291498,0.294505034,0.000804235
-0.262023114,-0.184009375,-1.352495845,-0.34562642,-0.938485008,1.794462378,0.331959519,0.905806798,0.687966554,-0.075272764,1.021390983,-1.497365249,2.351868184,-0.65929909,0.287690234,1.134459871,0.157744389,1.640760161
-0.728856491,-0.065818098,-0.619424893,-0.647507248,-0.197900129,-1.00647094,1.461161158,-1.046544309,0.131367937,-0.865496055,0.761085827,-0.389127258,-0.486331445,-1.94039799,0.002237077,0.308299987,-0.440776661,-0.295558811
-0.283049841,0.744079386,-0.192036522,-0.612511106,-0.177032253,-0.845562284,1.357761475,-0.499592003,-0.097433145,-0.719290689,-0.324844912,-0.369873006,0.532659261,-0.52536675,-0.303243281,0.495143311,0.270454286,-0.204443471
0.068749366,1.276348929,0.51673622,-0.39549347,0.797472134,-0.717179893,2.005530243,0.589939757,-0.388671236,-0.376756611,-0.835433521,0.136208459,1.058032222,0.715346972,0.321766244,0.786212501,0.45340912,-0.548797941
-0.23554181,0.933793134,-0.014869582,-0.442052707,0.474380784,-0.879773261,1.677228674,0.062335543,-0.274276307,-0.544641601,-0.454963423,-0.630978627,0.353538683,-0.240892977,-0.063004659,0.589453096,0.28101697,-0.344294589
-0.623313568,0.018344828,-0.034775252,-0.593664327,0.556762565,0.648971646,-0.672388178,-1.229391022,-0.279665637,-0.617241687,-0.333084035,0.71573594,-0.248580159,0.825573628,-0.212190589,-1.778343544,0.187027752,-0.868445299
-1.211431,1.172582968,0.255322962,-1.586582767,0.519681303,0.075270073,-0.975783132,-1.645459498,-0.393566182,-1.029655872,-0.68217407,1.410124796,-0.763673228,0.684595609,-0.635735365,-2.199498869,0.016219262,-1.080234077
-0.675655115,0.955058742,1.169865114,-0.712727361,1.193511793,1.701800947,-0.501216966,-1.299999708,0.885381761,-0.826054692,0.277715791,2.612811903,-0.083708715,1.45234236,0.222510571,-1.874506687,0.177398475,-0.675168303
1.69629176,-2.465035153,-2.3533543,-0.211722964,-3.436349891,2.155474589,-2.714759715,-0.889026127,-1.307562242,0.774602175,1.03988184,-2.125017083,-0.791673838,-2.095074792,-2.545414303,-0.041828069,-3.254064222,-0.715958313
-0.884598851,-0.933402883,0.090370741,-0.113978455,0.024655174,-1.07792086,0.060872285,-0.395541141,0.461568794,-0.003237699,0.550183961,0.970009099,-0.608692919,0.366435901,-0.801680629,-1.274410269,-0.085065564,-0.770731839
3.210285042,-1.815089276,0.27782455,0.543580392,0.263444155,1.020631387,-1.612829244,0.74171562,0.364099395,2.389454012,1.063142745,-0.041144664,-1.045937468,0.757919357,-0.233503742,0.558358016,-1.925749685,-0.60128439
0.513358225,-0.660245222,0.658148281,0.164549189,0.401396004,-0.274539713,0.048832634,0.119057539,0.852472575,0.669571912,0.649526308,0.828780812,-0.756495793,0.105458199,-0.271101544,-0.41799283,-0.174743045,-0.371327588
2.461221073,-1.52385724,0.883848585,0.258102431,0.374949266,0.554278214,-0.492637499,0.962085474,1.360762779,1.932380168,1.037465077,0.593245481,-0.567439126,0.319137891,0.423611024,0.207641696,-0.866532781,-0.227348025
0.365300991,-1.372114947,-0.03304714,0.168196995,-0.141920662,-0.21636807,-0.253875872,0.231347141,1.011753894,0.73326597,0.700466427,0.642983375,-0.687990096,-0.253423181,-0.191855163,-0.292921143,-0.874530937,-0.436373317
0.555208464,-0.058857119,1.738833927,1.337049188,0.967233501,-0.351629922,0.630215066,-0.321802875,1.188535195,0.555289877,0.715797438,0.504549187,-1.035532846,0.225888641,0.914297213,0.281646379,0.006931014,-0.288257225
-0.349282507,-0.126820535,0.097425324,1.232052146,0.042623523,-1.092882917,0.778314287,0.216824001,-1.013186486,0.159911683,-0.409768793,0.158551103,-0.325597664,1.162234907,0.398624677,-0.597680003,0.402811726,-0.751230817
0.63316622,0.306946961,1.982595218,1.395931702,1.323277564,-0.640019966,1.240024668,0.454789514,0.728040561,0.862189065,0.245553045,0.997284827,-0.559342668,0.896493397,1.256105964,0.613697326,0.336860171,-0.375961569
-0.377402927,0.150604707,0.311779396,1.115060554,0.378937693,-1.178625066,1.230957756,0.410043759,-0.690082604,0.16683814,-0.732698972,0.581963094,-0.176632952,0.927729215,0.471166773,-0.175968861,0.318337052,-0.705693144
0.580171572,-0.088387722,1.481534054,0.771632577,0.826443275,-0.44949429,0.225730199,-0.671811092,0.889896566,0.351838026,0.585243328,0.325024379,-0.66831578,0.429815989,0.271363116,-0.203429731,-0.109496607,-0.445909842
0.20931701,0.271561384,0.424099867,0.785093804,0.405163689,-0.898154797,0.83493944,-0.337458458,0.296255347,0.011009571,-0.396526097,0.006305406,-0.50041406,0.524101767,0.202990151,0.170113908,0.190204686,-0.71753528
0.658735464,0.602810903,1.335862042,1.343369887,1.056623068,-0.749538748,1.074406519,0.596794766,0.261135154,0.637569426,-0.104349954,0.9988792,0.006168151,1.523552484,1.043094521,0.113659361,0.700933704,-0.374979196
0.17466668,0.800576808,1.164560117,1.199326604,1.116584654,-0.962230405,1.820118055,1.080728607,0.021966732,0.893611395,-0.986324545,0.919156046,0.289528697,1.555411172,1.169820306,0.651378242,0.813707921,-0.473250002
-0.062387161,0.52230035,1.070520142,0.728491169,0.914857192,-0.981796655,1.151866563,0.261416131,0.287997494,0.25114112,-0.993185822,0.777724797,-0.076064645,1.019505213,0.332509309,-0.032482877,0.507773781,-0.647120282
0.75290311,1.003745948,2.060271642,1.472738438,1.570840261,-0.572976993,1.957576232,1.443646891,0.486681087,1.187816974,-0.399121642,1.217636405,0.668035219,2.301504611,1.751540557,0.666634705,1.044126163,-0.375637544
2.493696156,-1.254381473,1.310718181,0.926382675,0.641284304,-0.046451315,-1.187539673,1.254793402,1.019253957,2.67159051,0.739255761,0.212269292,-0.771343258,0.755085017,-0.218327284,0.929322157,-1.018749026,-0.247266142
1.202645921,-0.022287904,1.946814776,1.113411619,1.486257098,0.294020825,0.511600635,0.247117943,0.702403952,1.163635888,0.457590498,1.222831084,-0.757923239,0.998961613,0.584690291,0.166776408,0.192063011,-0.198168621
1.972706112,-0.978020769,0.806756379,1.072238595,0.28332459,-0.217850512,-0.520396111,0.712379646,0.756302741,2.227298389,0.792673208,0.085291135,-0.960929874,0.707056347,0.226891494,0.610473049,-0.617492589,-0.442504135
1.064761783,-0.585591816,1.269776581,1.249095567,0.899980594,-0.579171554,-0.014360719,0.308097573,0.461953426,1.306546015,0.432228465,0.519531106,-1.082889611,0.370384727,0.014948406,0.285326222,-0.251962195,-0.266490156
1.616756556,-0.73215954,0.641484781,1.248060343,0.373594929,-0.483680147,-0.255397459,0.55487134,0.807616367,1.633734824,0.72946991,0.192078036,-1.205843401,0.332941679,0.029114193,0.413101896,-0.40931772,-0.210620898
-1.242695784,-2.895171203,-2.20475711,-1.455404894,-3.528235275,-0.468616675,-2.48656199,-2.533821357,-0.530824233,-1.593939177,0.166028736,-1.988551055,-1.497066772,-3.039134156,-2.362312879,-1.357224388,-3.11798635,-1.200172968
-0.531301858,-1.005407104,-0.454800911,-0.131764162,-1.584384994,1.031154864,-1.051373894,-1.755465561,1.076741641,-1.363033452,0.771516342,-1.181289282,-1.487700206,-1.796447214,-0.48091867,-0.383885598,-1.612156258,0.026531137
-1.860656364,0.936859292,-0.299185267,-2.517264157,0.119024447,-0.431199468,-0.176928987,-1.10468515,-1.196601308,-0.860340858,-0.740853653,0.674597963,-0.54754479,1.182499289,-0.963625603,-2.199674335,-0.040012006,-1.031548202
0.566520099,0.428378262,0.954176272,0.510817074,1.205842599,0.520924634,0.289459071,-0.176274102,0.247548584,0.578806818,0.428805397,0.50454806,-1.172830109,1.01803196,0.00898357,-0.737501037,0.297766024,-0.144107304
-2.085159851,-0.156667402,-1.031962747,-1.793610358,-0.144181548,-1.393945158,0.123949368,-0.994898553,-1.682723072,-0.658812498,-1.048036438,0.202458373,-0.804194145,1.127930078,-0.703012692,-2.183105512,0.41072093,-1.052651722
-1.041928975,0.41455438,0.063107472,-0.379787821,0.240803493,-0.789838964,0.491805477,-0.786921925,-1.470931579,-0.262627121,-0.619539148,-0.27591889,-1.019096481,0.985768366,-0.705164444,-1.857505029,0.587297456,-0.767904861
-0.206556515,-0.294984251,0.647104043,0.040732541,-0.150158566,-0.681097193,-0.194841447,-0.144108118,-0.881031911,0.284938742,-0.274479575,0.326611987,-0.492896621,1.246232577,-0.232692568,-1.06983781,0.267673191,-0.652955088
-0.291460049,0.439492978,0.927276349,0.251870541,0.66843906,-0.502438806,0.275119712,-0.95478901,-1.066683931,-0.178102075,0.013165284,0.381236735,-1.399098512,0.239604527,-0.859991493,-1.514238992,0.036268676,-0.917373183
-1.408021563,-0.337794147,0.616563155,-0.90628776,0.21266541,-1.096534469,-0.059955768,-0.986076034,-0.329474411,-0.465793953,0.203272507,0.762513984,-0.826131037,0.549446165,-1.452126145,-2.042056971,-0.373824006,-1.062860791
-1.092847789,0.293450175,0.331014954,-1.116501548,0.447319809,-0.797618001,0.115212264,-1.087124606,-1.409385809,-0.395929548,-0.362159148,0.41193236,-1.183415814,0.6674599,-0.932354054,-1.996307223,0.055674072,-0.928489713
-0.588692646,-0.24852404,0.135354147,0.163772439,-0.395716767,-1.12559393,-0.307356115,-0.392902066,-1.158338711,-0.015449552,-0.432831699,0.427832114,-0.624624977,1.037607446,0.087454336,-1.171695921,0.22093714,-0.627733324
0.743935703,-0.449744194,-0.457962981,-0.029424107,-1.033208838,1.928912547,-0.550017297,0.978514673,1.775163999,1.56451958,2.902236363,0.088367125,2.539327403,0.491235984,0.299023486,1.437318571,-1.467956128,1.886733185
-0.041692251,0.130800373,-0.325542215,0.108201715,-0.877961559,-0.774618565,-0.447997215,0.272573765,0.660830332,-0.205416786,-0.272939252,-0.25278357,-0.138701953,-0.826537518,-0.713803537,0.977286316,-0.795201504,-0.294071571
0.301583289,0.461515632,0.214524519,-0.299652064,0.210295662,1.292604286,0.67193851,0.206617751,0.841562212,0.300186844,1.456850298,0.811014942,0.847564814,-0.075949148,0.476703632,0.955673327,-0.358565482,0.327824188
0.029772024,-0.098382476,-0.271329259,-0.12710234,-0.921274309,-0.347420159,-0.570277539,0.084629961,0.687584417,-0.284398067,0.917397388,-0.160738416,-0.26159211,-1.358296971,-0.662971974,0.7940562,-1.261938201,0.12755457
-0.486743972,-1.853467918,-0.632817591,-1.012038024,-1.525002271,0.538444493,-1.417891767,-1.326057962,0.203010657,-0.931640745,0.192839662,0.260278633,-0.838342048,-1.62610716,-1.094596983,-1.337798818,-1.89776673,-0.92438217
-1.476029628,1.871426339,0.940775393,-2.164029717,-0.524692257,1.14105356,-2.179663251,-1.593160833,-0.371353093,-1.223354819,-0.310569123,1.590575332,-0.905282905,0.081940252,-1.155586409,-2.199674653,-1.120995149,-1.070050656
-1.004463684,-1.224089488,-0.461923323,-0.29880208,-0.640368146,0.09983271,-0.648990851,-1.055122124,0.567401309,-0.281021781,0.364042559,0.575683701,-0.955043123,-0.382345905,-1.04806636,-1.447104538,-0.963262217,-0.877877479
-1.421558481,2.03986033,1.343313034,-1.63323711,-0.180220527,1.853300811,-1.307701403,-1.78129996,0.861173926,-0.941104934,0.288792135,2.552010369,-0.975750114,0.595743843,-0.776331364,-2.19687004,-0.673349647,-0.769415135
-1.210244841,0.623668153,-0.194471217,-1.45880251,-1.335217055,1.688030984,-1.829049925,-2.284307561,0.171496571,-1.277490108,0.3417734,1.177799635,-1.19479486,-0.640628875,-1.197728378,-2.080088201,-1.489072905,-1.097449339
-1.273010104,-0.678104551,0.50165972,-0.834291966,0.031669266,-0.553579209,-0.405701359,-1.242422893,0.28933672,-0.416145482,0.450708838,1.060436201,-0.82317579,0.040552355,-0.980605923,-1.915800977,-0.534767387,-0.797275753
1.034660774,0.736361701,0.805768594,0.300230486,0.865825183,0.632554624,0.614651505,1.86116384,2.102925364,0.1627653,0.073575037,1.165186724,1.758262733,1.100322503,1.889284693,1.332119714,0.007941778,0.082829832
1.018909108,-0.692145619,-0.748802545,0.503537367,-1.501193736,1.515096373,-0.860251004,1.26517303,2.03420305,1.25781359,2.024338822,0.419547914,2.105038101,0.439154279,0.513770716,1.285136184,-1.73647391,1.133753328
0.991331403,0.17365177,0.440849943,0.558554691,-0.101437515,0.800057666,-0.048306296,1.62923473,2.388547886,0.205024467,0.376052414,1.325828249,1.637092856,0.822043232,1.382150375,1.420755939,-0.558211965,0.399587491
1.052474009,0.304988878,1.690749463,1.719744767,0.579249668,-0.011462458,0.783358664,0.309193804,1.480182611,1.717785597,0.573578808,1.154358745,-0.242818456,1.179755635,1.442301708,0.715218059,0.433665457,0.182299643
1.975294375,-1.163496675,0.76125079,1.327879966,0.967459453,0.326881043,-0.577766965,1.374499847,1.341476331,2.435622622,0.661610704,0.146496336,-0.447923681,0.52614141,-0.00580187,0.885663143,-0.710906628,-0.209121821
1.48218313,-0.813737467,0.78991291,1.510068143,0.83304687,0.017163186,-0.10667887,1.074747071,1.01723352,1.963876136,0.55914986,0.39474493,-0.737798117,0.668609387,0.68622217,0.604622876,-0.233943103,-0.27193433
1.197996528,0.317876121,1.753171463,1.576477571,1.416158958,0.359427281,0.643641026,0.41013374,0.426321388,1.280805358,0.237139216,1.050115624,-0.420152273,1.298268144,1.285670576,0.393336752,0.582907952,-0.138814288
1.098238024,0.241357453,1.619094504,1.900057346,1.336079467,-0.420018506,0.663446246,0.669903166,0.595149649,1.646507184,0.069454311,1.012735811,-0.670313381,1.003157837,0.89029688,0.487910787,0.586003285,-0.149276718
1.403463424,-0.278893965,1.267335409,1.743207638,0.620526388,0.18215811,0.161190784,0.638315474,1.192365046,1.500265962,0.698816622,0.69077397,-0.517593432,0.868653538,0.936002883,0.611110381,0.066319941,-0.065431623
0.355524231,-2.821946834,-2.334988593,-0.591063675,-2.145223865,0.81351948,-0.50601315,-0.848626889,-0.507468474,0.040267372,0.584736681,-1.951162785,-0.394987561,-2.561374738,-2.323349638,-0.988005752,-1.358352147,-0.284136065
2.417329017,-2.614823164,-2.223936768,-0.583738238,-1.982670457,1.550946411,-0.899324809,-0.217229685,-0.845160165,0.578011501,1.531834004,-1.680658934,-0.827750962,-2.090009492,-1.933221723,-0.913031705,-1.820923837,-0.025624286
-0.770532262,-0.828760822,-1.2456116,-0.740848741,-1.137235066,0.150352596,-0.160658856,-0.345075013,0.133161637,-0.834876113,0.346070579,-1.035459978,0.287066361,-0.301824539,-0.07273077,0.070760068,0.661342483,0.302763876
-0.945540655,-0.424157766,-2.366571461,-1.627337592,-1.193655468,0.010267784,0.269960181,-0.447799205,-1.427356229,-0.9741029,-1.027320413,-1.441458463,0.812883162,-0.747893514,-1.019646204,-0.211511714,2.619783776,1.382002641
-0.894787091,-0.806831189,-2.051111241,-1.641885739,-1.320145217,0.327940834,-0.268558455,-0.582938475,-1.061444263,-1.09375679,-0.681226,-1.531077103,0.333829227,-0.763596939,-0.805381359,-0.466259236,2.187319235,1.106658622
1.289664571,1.0418177,1.016928897,0.548843997,1.178221682,0.286174427,1.278248798,1.439666881,1.427946568,0.705103668,1.690061505,1.175029214,2.250613538,1.24623019,2.011614654,1.24589153,0.605888064,0.810498458
0.100927525,1.493667924,0.247449997,-0.203845452,0.604102132,-0.125382604,1.675162626,0.108202767,0.426901578,-0.423985479,0.130632187,0.25687565,0.433288249,0.090741583,0.922851354,0.52705921,0.648706121,-0.062205847
-0.192519238,0.634667278,-0.118826262,-0.084269777,0.001944862,-0.372297396,1.090609571,-0.398855072,0.842418279,-0.54042376,0.910750999,-0.963265556,-0.211339298,-1.070784018,0.424451727,0.385066128,-0.072401644,0.09443288
-0.213470034,0.749482291,0.594062249,0.3416706,0.226919545,-0.153476058,1.086309775,0.853097732,0.61125528,0.004390268,-0.403708251,0.320330338,0.693716584,0.615032155,0.43945307,0.890376504,0.323391945,-0.218720765
-0.048451712,1.316060442,0.655469196,0.43102131,0.909207858,0.036972705,1.418698721,0.68431767,0.518305674,-0.06466974,-0.023301046,0.71259568,0.414633628,0.598737282,0.971181351,0.793799586,0.827861784,0.073813542
-0.018471623,0.574271512,-0.01845567,-0.20424178,0.540099744,-0.175139436,1.356606589,-0.031687933,-0.319689008,-0.153345416,1.380733334,-0.212719031,0.644385644,-0.094825395,0.907092664,0.527585802,-0.017277823,0.083183596
-0.157574179,1.355094114,0.202673487,0.020315032,0.841964822,0.130021804,1.601397544,0.651243098,0.043412554,-0.212239873,0.088431432,0.050051435,0.712501002,0.775742372,0.896579421,0.529484435,0.947546253,0.198695522
-1.837890997,1.901159516,0.476256812,-1.373507201,0.186072243,1.45511367,-0.853532993,-2.193261137,0.273776108,-1.19764502,0.687413578,1.97833268,-0.553484725,1.010065101,-0.784877093,-2.167353205,-0.113100261,-0.400419006
-1.670310198,1.961898208,1.255063428,-1.992124855,1.039936116,0.595870698,-0.579939222,-2.032236991,-0.292533829,-1.264071489,-0.248076295,2.824245593,-0.48589077,0.880519903,-1.016606099,-2.199674653,-0.490667585,-0.845387587
-1.938818433,2.228298462,1.086714631,-1.632067347,1.038601796,0.947050658,-0.671096898,-2.164301546,0.685986525,-1.27192747,0.40540298,3.203912683,-0.322426195,1.306400466,-0.688347,-2.197321065,-0.136059768,-0.705163239
-1.691015203,-0.943754026,-2.692763018,-2.633279178,-1.530139101,-0.420079912,-0.307777598,-1.211597844,-2.441177493,-1.298755074,-2.326143498,-1.766293897,-0.364539811,-0.935083298,-1.93608637,-1.457072982,2.642449753,0.104406677
0.289919209,-0.408249114,0.214311146,0.503076089,0.427194776,0.654048668,0.353707809,0.71693685,0.552378732,0.358304998,1.051131143,0.311050501,0.705679399,0.664608854,1.659765993,0.418729059,1.421641642,1.484780148
-1.295532423,-0.513675974,-1.971717953,-1.910055839,-1.458640281,-0.399204896,-0.144354067,-1.352836064,-1.729493208,-1.149225234,-1.164137142,-1.804783231,-0.550161616,-1.158136678,-1.715618065,-1.195271601,1.792443305,-0.119611527
-0.903118953,-0.003609971,-1.070384099,-0.630450241,-1.068280668,-0.834712669,0.124991336,0.596355835,-1.81682712,-0.432567673,-0.575331023,-1.02162028,0.372890407,0.581615892,0.540486163,-0.48430847,1.897805699,0.356014759
-1.01678306,-0.555438164,-0.894670887,-1.328809312,-0.793551424,-0.577773406,0.054873143,-0.836520066,-0.908015478,-0.489557703,-0.787886187,-1.026937863,-0.661607828,-0.554795208,-0.933939888,-0.60390469,1.123044576,-0.328654742
-0.502539749,0.777995733,-0.238133146,-0.758534371,-0.4440786,-0.229062983,0.783587853,0.091934876,-0.866774357,-0.332895613,-0.39754172,-0.352320246,0.570683968,0.522870344,0.299304436,-0.386809157,2.317909973,0.653375473
-1.260145161,-0.171131414,-1.304220846,-1.926312569,-1.271601581,-0.399105777,0.202958948,-0.927420546,-1.340760525,-0.74996476,-0.753002109,-0.939684848,-0.4311318,-0.568001183,-1.191395591,-1.10718068,1.792176413,0.270441023
-0.827710836,0.287439478,-0.793974101,-1.412339372,-0.671255761,-0.315160112,0.837250329,-0.666846779,-0.949846019,-0.443237851,-0.368710613,-0.456553219,-0.033200742,-0.151186056,-0.506090808,-0.711460991,1.894096207,0.409815267
-0.143281895,-0.361835688,-0.937849148,0.257488057,-1.983934853,2.131186358,0.043912354,-0.318955308,1.164754894,-0.758636522,0.918440381,-0.881109122,0.38107709,-1.130793206,0.659595076,0.778217965,0.238103098,1.985357422
-0.498915654,-0.88587364,-1.353916851,-0.202335032,-2.190945987,1.163587671,-0.845661215,-1.394128527,0.778200792,-1.114320581,0.746006974,-1.362176749,-0.596285313,-1.769358697,-0.28640175,0.008294965,-0.977362395,0.356155967
0.925592952,0.597291297,0.820984843,0.71204953,0.917207197,0.47296621,0.645311305,1.232581283,1.036215655,0.485045006,1.111214778,0.428517671,1.161718813,0.949662541,1.659546467,0.887418195,0.96544417,1.296603607
-1.663974726,-0.738130636,-2.880173368,-2.515070436,-1.785247315,-0.843672263,-0.08112941,-1.527005105,-2.179550536,-1.3753744,-1.894511404,-2.627613254,-0.245131368,-2.330959868,-2.106400654,-1.134849285,1.936086592,0.881211416
-0.267155748,1.054543469,-0.071451109,-0.142496825,0.360202097,-0.739243034,1.558097732,0.382827823,-0.247446393,-0.334390822,-0.000501946,-0.644096686,0.9401997,0.612574083,0.489114478,0.472770983,1.130706931,0.417856822
-0.985620104,-0.279773918,-2.013840942,-1.427099269,-1.123586393,-1.093371937,0.251332206,-0.926155326,-1.409887426,-1.076877813,-1.664514201,-1.886693856,0.311195866,-1.621191015,-1.470593374,-0.109829643,0.874415407,0.128741394
-0.709005827,0.726736947,-0.926433042,-0.957972418,-0.426852819,-0.683795858,1.512019711,-0.093012124,-1.161629779,-0.474418668,-0.154328027,-1.013931997,0.120121337,-0.470083186,0.072506056,-0.308422,1.457145632,0.656494421
-1.585951134,-0.611298275,-2.352869611,-1.988408453,-1.942757536,-0.790889451,0.276735209,-1.627023286,-1.444983175,-1.278148306,-0.475008578,-2.322264913,-1.036799471,-2.389641777,-2.046882316,-1.077827191,1.094195091,0.643461656
-0.679225224,0.920864987,-0.449688494,-0.930063783,-0.170419061,-0.708804096,1.902972408,-0.099233975,-0.950166545,-0.587619132,-0.536958071,-0.659751758,0.589629206,-0.232970267,-0.195642752,-0.04535001,1.282779095,0.378506478
-1.407954849,-0.212838879,-1.874296059,-2.02863937,-1.436637987,-0.881170602,0.980514236,-1.561904534,-1.153749823,-1.01090091,0.108030505,-1.796985575,-0.795079574,-2.051017619,-1.397576842,-0.798139776,0.706030419,0.816622188
-0.915871535,-0.161580223,-1.520298599,-1.061681726,-1.280843104,-1.075839672,0.862023903,-1.193902328,-0.803390487,-1.020999505,-0.125909808,-1.487829456,-0.161872229,-1.853321763,-1.041617379,-0.046835275,0.357441937,0.328086013
-1.09141562,-1.580026196,0.216726413,0.085395635,-1.238700421,0.202316095,-1.329362489,-1.747665751,0.966586389,-1.222129962,0.571944727,1.259579462,-0.876753928,-0.963191636,-0.116204185,-0.897306597,-1.721171185,-1.1488868
-0.345062809,-0.262594413,0.599830803,0.879543092,0.501190579,0.64569241,0.118826731,-0.503617003,1.592250545,-0.676283921,0.699352969,1.007297579,0.042592243,0.431716422,1.074199877,-0.142102204,-0.305547398,0.016789296
-0.404125632,-0.896577526,-0.777989234,-0.590252131,-0.165775265,-0.505370196,-0.19578615,-0.202385028,-0.710555124,-0.713057371,-1.145998609,-0.858191985,0.154868837,0.230369254,-0.359819513,-0.038145172,0.652467866,-0.372828833
-0.956691209,-0.686617558,-0.457372969,0.058285621,0.078663873,-0.148603104,-0.284601634,-1.329871178,0.21714923,-0.840385272,0.496347221,0.598773918,-0.549584812,-0.338608521,-0.028701661,-1.101060338,-0.526071133,-0.900173731
-0.016061778,-0.12637818,0.562127964,0.286047518,0.989539075,-0.402552238,0.336167639,0.121185258,0.275887341,-0.272074754,-0.956757344,0.520651902,0.218086114,1.056902122,0.762739945,0.1863405,0.349410534,-0.302894513
-0.320051641,0.199485066,0.508695556,0.544133793,1.299990856,-0.143938932,0.541082072,-0.317349917,0.350947095,-0.433472186,-0.444631907,1.084995632,0.246022775,0.911434342,0.855580979,-0.396679414,0.127676097,-0.409489444
-0.091300694,-0.205870226,0.383027379,0.83388719,0.803506463,0.494679581,0.670735551,0.401727108,1.462337408,-0.336512538,0.410132264,0.805801095,0.561018236,0.770784066,1.324608466,0.469732101,0.256346747,0.386077739
0.300381549,-0.382032422,-0.637250693,-0.428219343,-0.247088988,2.224229627,-0.573117238,1.248274175,1.507165679,0.510933542,1.545895488,0.072654546,3.540970952,-0.690980384,0.708878333,1.680014051,-0.642330323,0.899698723
0.654442907,1.253166739,0.757864781,0.655532391,-0.56550254,0.412995787,1.862698998,1.908141561,1.487459179,0.218482709,-1.092192151,0.270589061,1.013249228,1.637434429,0.732776346,1.350350715,0.020206741,-0.129787698
0.406239171,0.725416723,0.453387106,0.444539534,0.589817834,0.032607378,1.142803006,1.166237913,1.130755171,0.001140207,-0.323774548,0.018055731,0.376229029,0.048254714,0.145334705,0.938830787,0.284251168,0.097468282
0.477888008,1.195764163,0.714145931,-0.000919655,1.21090786,-0.473118709,1.677972139,0.889708993,0.570614054,-0.24602966,-0.086884038,0.232218121,1.274608933,0.480758549,0.70864194,1.024874148,0.538465434,-0.018346395
0.572659158,2.156729313,1.505114774,0.44268183,0.954176031,0.506941299,2.559590079,2.102433408,1.060694877,0.320120394,-0.374896361,1.005734778,1.008838043,1.794156841,1.254841287,1.211677949,1.20278841,0.371870148
0.100178742,1.392543721,0.536920705,-0.315916084,0.738141785,-0.366231169,2.10742511,0.48834691,-0.006373522,-0.38347156,-0.073965713,0.345659894,1.026439095,0.689556302,0.618385801,0.631473908,0.765499363,0.001818153
0.724510784,1.212171155,1.111752828,0.215312284,0.5253438,0.153643245,1.610773021,1.648298614,0.761733477,0.023966036,-0.530104947,0.285552939,0.918455287,0.984861504,0.567985696,1.042397935,0.170796938,0.1418895
-0.181865313,1.38484966,0.389371971,-0.055058165,0.756304002,-0.382559244,1.427768987,0.641482363,0.241903581,-0.358820006,0.314269474,-0.049944159,0.691345422,0.146463861,0.777383965,0.603891413,0.66692983,0.101216607
0.551573836,1.102771047,0.844706675,0.19765714,0.829114657,-0.143014732,1.309560387,1.322367975,0.608563358,-0.108485776,-0.273636328,0.312555797,0.927356801,0.58482491,0.639704594,1.14837427,0.385362106,0.101606899
0.410092377,1.847897216,1.070575359,0.305543134,1.025296986,0.106931561,1.949737994,1.598347134,0.421568621,0.020542544,-0.147836544,0.632983027,1.047362941,1.05921462,0.952669645,1.081943498,0.969134436,0.186164156
0.328333207,1.249118275,0.729313779,0.215791457,1.251393749,-0.168756499,1.357332166,1.023557804,1.327246464,-0.173368177,0.275249528,0.910844785,0.689081263,0.279779297,0.750872746,1.145042498,0.694196165,0.374800969
-0.30563295,0.336439917,-0.472217691,-0.22643945,-0.840110581,0.899647746,1.013768894,0.24982176,0.526388422,-0.400750595,0.475720296,-0.477999451,1.632716494,-0.476141659,0.639216347,1.265271182,0.940892258,1.691617728
0.811007569,0.528334752,0.851155567,0.163196505,0.289803967,0.104410045,0.812050799,1.590131437,0.705805272,-0.083630047,-1.025665367,-0.032061024,1.231009305,0.80304607,1.186642388,1.033820483,-0.657771875,-0.445122614
-0.63319062,-0.021367936,-1.245720672,-0.938329007,-0.737543165,-0.817085752,0.608233116,-0.356443334,-1.060295856,-0.846879725,-1.960305588,-0.999730916,0.818572685,-0.800940948,-0.613852362,0.446997384,1.112173382,0.280708761
0.608372093,0.687771725,0.511525297,0.329520303,0.625862023,0.313276691,0.718263607,1.33148787,0.843835578,0.07304494,-0.017740745,0.380665061,2.118841494,0.536839196,1.587020729,1.450994305,-0.073509808,-0.078797098
-0.396358868,0.156952829,-0.737207833,-0.816313729,-0.392064526,-0.977215413,0.789657429,-0.465665904,-0.770687336,-0.745549178,-1.226393535,-1.28186839,0.384190942,-0.877083127,-0.532750357,0.52776967,-0.036092938,-0.381401312
0.478903211,0.547576015,0.379061925,0.070187384,0.495910335,-0.54277599,0.620466179,0.989948833,-0.280017592,-0.118710652,-1.146949591,0.02718673,1.268441379,0.348122067,0.600590559,1.007826929,-0.531079984,-0.586298855
-0.405936143,0.254116645,-0.908188677,-0.545667242,-0.099613725,-0.547808478,0.934331124,0.080438167,-0.801317918,-0.580538685,-1.316379806,-0.823505355,1.511483935,-0.199061196,-0.258269065,0.668588518,0.677797649,0.449237293
0.257864164,0.599352181,0.197924758,-0.063504984,0.434982971,-0.811193882,0.871827571,0.505271004,-0.555317923,-0.26495738,-1.26447007,-0.01222044,1.0276022,0.172849958,0.239480482,0.940209129,-0.752648922,-0.868137734
-0.338868447,0.274238444,-0.463497371,-0.496816858,0.281016815,-1.156002691,1.052598976,-0.168900056,-0.411076641,-0.568896733,-0.828436556,-0.779762145,0.774636219,-0.51329475,-0.376480447,0.639219468,-0.349954715,-0.509761755
-0.094985139,0.627769314,0.084756252,0.058164999,0.380830859,-0.066470484,0.909857171,0.70153914,0.563500118,0.043461127,0.431123742,0.429929379,1.603157059,0.13850774,1.3668185,1.579265067,-0.002739371,0.238741073
-0.287955777,0.636581488,-0.155326922,-0.220797413,0.446954558,-1.168687526,1.095876429,0.157128246,-0.776595495,-0.302639082,-1.449246438,-0.234862097,1.573594458,0.010787006,0.022793355,0.813035084,-0.134652246,-0.432184592
-0.036832839,0.639991611,-0.175800789,-0.262610327,0.536889808,-0.98875427,1.182545369,0.441629256,-0.410503934,-0.371953981,-0.805427809,-0.330777044,1.168955765,-0.004311049,0.120786488,0.844728165,-0.498322424,-0.597303124
-0.212891109,0.60095728,0.063809283,-0.158282999,0.263542598,-0.535271981,1.078056762,0.304368851,-0.106369965,-0.219207562,-0.425746798,-0.017833444,1.884608646,0.023368917,0.703414086,1.135672293,-0.191175459,-0.108941362
-0.71741406,0.25967996,-0.120322255,-0.134010904,-0.141939035,-0.583350179,0.118253201,-1.112561773,-1.447593779,-0.399093742,-0.277101908,-0.889219113,-1.250869842,0.183955036,-1.133393806,-1.561741047,-0.032506258,-0.935191748
-0.618731329,-0.740814638,-1.143087173,-0.831256214,-0.689189285,-0.725972449,-0.403561523,-0.484678214,-1.394831924,-0.712296478,-1.969135217,-1.136234154,-0.285992605,-0.429076331,-0.934470669,-0.140802526,0.822616079,-0.604816128
-1.288236612,-0.31152371,-0.89326965,-0.678648473,-0.340499338,-1.045451597,-0.335751983,-0.713908994,-1.530998938,-0.374593316,-1.44371409,-0.088344416,-0.951929588,0.900316536,-0.564325443,-1.527713816,0.235108897,-1.094873575
-0.605983576,0.334429831,-0.155777185,-0.144545402,0.458525794,-0.864486493,0.49248857,-0.427363661,-1.056994312,-0.260747655,-1.232543177,0.193661133,-0.292221576,0.959436761,-0.336531842,-0.743604482,0.327445839,-0.857505818
-0.657257031,-0.149513043,-0.39955995,-0.012847929,0.132989013,-1.155084105,0.288276236,-0.997198554,-1.283905911,-0.46582789,-0.203068018,-0.999735426,-0.976453864,-0.158277874,-0.945823871,-0.7255289,-0.200286444,-1.274267813
-0.701336722,-0.614829844,-0.755738172,-0.389069049,-0.626528621,-1.022730599,-0.272278013,-0.674963716,-0.98606972,-0.594979663,-1.32760698,-1.505837188,-0.373283037,-0.310236477,-1.168917909,-0.33843201,0.489711741,-1.115284965
-0.603274173,-0.046562688,-0.273098955,-0.278820332,0.503751179,-1.278891177,0.232847334,-0.50186018,-1.164740255,-0.362154284,-1.712308452,-0.34422886,-0.427944501,0.607819423,-0.521696041,-0.328870873,0.156357369,-0.96793905
-0.192979218,-0.278107068,-0.02619809,-0.188766439,-0.431808395,-0.832879961,0.280947801,-1.055678469,0.237843749,-0.403628024,-0.090509182,-0.839135621,-1.044164953,-0.549198519,-0.510683705,-0.000885453,-0.19683183,-0.758586533
-0.487726476,-0.328558066,-0.596521102,-0.302740836,0.071472365,-1.153146572,0.078820521,-0.512282604,-1.032569966,-0.47732185,-1.671582213,-0.79070288,-0.540124856,0.143166146,-0.759914107,-0.215672516,0.247546573,-1.040784889
-0.465577012,-0.028236568,-0.129314574,-0.211859492,0.016640205,-1.264427536,0.638137154,-0.701531131,-0.230983069,-0.279976936,-0.58571495,-0.633348763,-0.604878798,0.467780085,-0.572333483,-0.441198006,0.137062922,-0.963759959
1.973658551,-1.927915834,-0.692724114,0.314737541,-0.533521089,2.001111565,-1.757191019,1.074899599,0.391104912,1.672501618,0.624089733,-0.74958238,0.096927634,-0.233513191,-0.789797477,0.652990094,-1.759015542,-0.184233533
0.076553437,0.154578905,0.277786374,1.003374983,0.069275646,-0.11434815,0.073409442,0.562164183,-0.251073702,0.465347284,-3.72E-05,0.226837395,0.785646769,1.46460488,1.207319358,-0.197826434,1.212021645,0.629900424
1.649864988,-1.415776157,0.350611132,1.07880849,0.183057547,0.986358817,-0.992518347,1.061741536,0.707961902,1.843198279,0.40490798,-0.083030215,0.069399357,0.483614368,0.20277836,0.582923013,-0.709849446,0.368802772
0.846251307,-0.96065559,0.59956085,1.152071473,0.339919117,0.658274931,-0.584879627,0.69361643,0.327275798,1.270485709,0.567802453,0.15532853,0.141409246,0.720884397,0.504749672,0.095327738,0.232863119,0.687859621
0.024884522,-0.122484679,0.428897678,0.860123693,0.121346207,0.296946756,-0.146342974,0.247072953,0.053883908,0.560077483,0.240635078,0.158546593,0.60663826,1.136845165,0.910576437,-0.555458139,1.11210262,1.101277719
0.629635174,-1.089205197,-0.132127272,0.421273502,-0.223345715,1.289287834,-0.507152383,0.041254769,0.908478106,0.786145401,1.615590269,-0.225741247,0.106785844,-0.030598107,-0.035971507,0.063873132,0.035590249,0.907295388
-0.190239311,-0.270230052,0.304333858,0.210709447,-0.71530258,-0.834617396,0.23861058,-0.951036148,0.701082935,-0.209875938,0.189328659,-0.649965647,-1.128578332,-0.7430426,-0.216279533,0.119429533,0.025720871,-0.483811568
-0.230210568,-0.268394034,0.236975661,0.318827405,-0.038251185,0.605322599,0.405935901,-0.640210232,1.17168724,0.012905675,1.091218541,0.283145593,0.070149645,0.426985626,1.100071906,0.101596817,0.99950408,1.329142196
0.331153654,0.273088752,0.860330581,0.962549906,0.683804854,-0.945760847,1.275250345,0.354818519,0.121335592,0.438806363,-0.735995669,-0.041716338,-0.095548065,0.729194114,0.409053694,0.480797214,0.463612471,-0.50428372
0.479827121,0.461572259,0.778402388,1.155488641,0.361623068,-0.188497913,0.489702535,0.461126585,0.795501723,0.340442895,0.062148117,0.464812769,-0.152297672,0.425969782,1.553760879,0.753977935,1.243019149,0.560356387
0.599209809,0.62812101,1.161796501,1.813881898,0.593727013,-0.559904088,0.791743601,1.220282428,0.168969029,0.840535164,-0.300766966,0.634778106,0.488934901,1.58529863,1.738532524,0.82738519,1.020866684,-0.079296069
0.038083697,0.32724074,0.53751583,1.236574127,-0.244329858,-0.991706252,0.463427498,0.971844014,-0.440847913,0.289332107,-0.804508857,-0.131401504,0.042318721,1.224513239,1.199480354,0.793355668,0.641538999,-0.486867642
-0.051838574,0.117882991,0.193004581,0.680984854,0.094842434,-0.601743997,0.391747471,0.16382963,0.121440605,0.207084253,-0.019506437,-0.139409451,-0.11821815,0.561714254,0.916746212,0.441959629,0.848878552,-0.03287141
0.661519043,0.373500221,-0.132025358,0.326843433,-0.958511324,-0.085696454,0.590923253,1.064954513,0.939132384,-0.244359935,-1.683541986,-0.801078707,0.179803714,0.652962045,0.365576582,0.777504641,-1.529569871,-0.705335555
1.542999186,-2.611128724,-1.196197478,-0.162446429,-1.493596668,1.148780371,-2.263575224,0.679609034,-0.187140323,2.076979627,0.866810756,-1.240689256,-0.527431381,-0.226817926,-1.161531081,0.871970226,-2.960241761,-0.893767399
0.645680033,0.252621867,0.46449747,-0.528107866,0.364241253,2.538640809,0.477889837,-0.106301867,1.657814492,0.205247488,1.369128213,0.881552975,1.231132137,0.898198138,1.037751021,-0.690307672,1.68283825,2.289903884
2.319805452,-0.593281147,-1.033914457,-0.572215239,-0.219277219,3.466483752,-0.514494234,1.753419371,1.387866076,2.24755646,3.010663408,-0.092529927,1.759342261,0.188846123,-0.052601833,1.176822835,-0.292110872,1.431998846
-0.454537284,-1.268725389,-0.687625672,-0.486153122,0.015570226,2.159637831,0.680200467,-0.698426789,1.341422452,0.856558645,2.385181894,-0.523430058,0.476642213,-0.305267432,0.301549942,0.200266927,0.437387014,3.68028061
1.297707629,-0.252187384,0.269138997,0.942300737,1.536578456,3.773496369,0.409786264,1.776898904,2.534651462,3.041378196,3.921525595,0.600046936,2.811458327,1.866202232,1.604111099,1.384199997,0.403364223,4.56166924
1.709790053,0.330300478,0.278239706,0.401223159,1.191274764,3.299614128,0.638985709,1.681693606,2.460123258,2.515398933,3.858999573,0.85749982,3.25626242,1.394152861,1.518381522,1.501020154,0.111409596,2.791409997
